patient_id,series_id,middle_z
10004,21057,128
10004,51033,131
10005,18667,120
10007,47578,127
10026,29700,110
10026,42932,111
10051,17486,112
10051,50172,97
10065,37324,104
10065,46839,119
10082,8139,114
10104,27573,130
10105,42418,94
10124,58500,116
10127,1554,85
10127,53380,106
10132,4816,103
10163,17557,119
10169,18334,96
10172,50253,90
10205,65236,93
10217,16066,99
10228,30522,84
10228,40471,159
10232,14541,187
10232,51162,109
10249,2346,104
10249,60095,154
1027,24515,161
1027,60982,91
10275,14254,104
10275,37142,159
10292,14945,107
10295,10410,99
10300,31085,105
10430,47009,105
10430,52259,170
10443,15679,135
10443,4991,130
10465,4405,112
10494,65369,89
10503,4930,102
10503,60534,98
10517,21579,42
10517,26790,160
10550,27106,174
10550,44149,97
10556,17060,99
10557,59654,109
10565,16281,120
10569,29394,112
1060,29529,101
10683,14324,100
10696,62306,129
10697,27005,78
10697,59033,83
10721,48437,91
10722,50314,104
10730,15721,103
10759,65139,85
10762,27788,114
10795,38360,110
10814,56132,123
10852,37069,105
10917,30843,82
10917,47610,92
10925,54600,92
10929,34169,95
10937,12039,124
10937,53000,152
10967,3609,102
10967,58150,105
10981,53877,101
10987,5611,115
11021,58443,128
11030,18685,117
11044,37630,55
11046,19484,165
11046,29137,101
11130,8511,101
11139,24201,110
11177,13041,122
11177,29167,102
11217,54368,100
11222,28997,121
11301,2703,97
11301,57412,164
11312,51300,111
11313,48992,108
11335,24276,96
11335,39434,168
11361,2204,120
11378,16846,101
11378,53429,100
11379,1126,118
11379,28676,109
11433,16534,92
1144,37533,126
11449,1383,103
11452,64202,103
11464,48184,119
11474,4654,108
11479,5547,109
11547,6116,125
11553,26353,111
11578,56112,106
11597,17580,108
11597,32735,164
11604,14609,100
11604,51515,150
11633,41167,120
11652,39013,123
11656,37803,119
11664,37456,108
11682,25954,124
11695,20475,92
11699,46686,107
11699,52851,107
11770,11416,104
11793,55528,131
11803,28720,188
11803,57014,96
11828,5605,124
11829,12057,93
11832,34925,92
11834,17000,151
11834,57414,100
11886,17037,110
11886,54658,107
11891,13209,95
11891,55742,172
11908,10773,106
1192,39389,99
11925,33599,91
11925,60003,120
11927,13991,110
11938,51844,108
11938,54660,107
12008,54095,96
12011,28841,114
12086,16498,102
12086,47491,59
12138,39072,186
12162,65382,85
12181,19063,151
12181,64739,74
12192,45638,102
12192,47364,102
12198,37127,94
122,21217,88
122,8218,151
12210,25323,86
12258,39773,109
12258,57371,119
12268,5102,119
12271,30378,108
12271,5223,108
12299,29733,187
12299,47275,112
1230,53360,174
12332,15276,84
12332,2793,167
12347,11403,102
12347,54841,147
12354,59633,81
12358,11810,103
12408,30860,101
12408,39209,101
12416,62482,88
12450,13297,95
12451,41994,44
12485,34212,139
12485,8754,90
12487,26638,176
12487,8913,92
1250,56073,103
12510,18649,88
12510,33610,95
12511,59780,94
12522,24336,104
12522,51893,51
12528,30483,101
12528,59967,104
12545,2971,143
12545,4718,104
12580,25755,80
12580,63770,79
12600,3309,96
12622,11637,112
12629,18097,121
12646,10065,110
12667,16083,108
12685,26417,106
12685,9181,105
12698,5060,158
12698,60031,92
12744,47219,102
1278,34096,110
12862,10468,91
12862,27408,145
12875,29304,126
12875,56431,121
12879,58126,142
12890,20535,108
12890,3231,120
12893,992,95
12898,54190,159
12898,55455,104
12930,11299,90
12930,34757,85
12951,21811,118
12958,18631,94
12967,55621,107
12976,17784,168
12976,34894,96
12997,1941,84
12997,6573,100
13012,38013,128
13036,52432,102
13036,63928,120
13067,40939,127
13083,21099,91
13098,12274,96
13098,77,106
13106,12049,42
13106,5011,55
13107,36353,89
13107,53823,162
13120,51903,92
13120,6814,61
1316,5984,113
13182,45080,123
13231,31094,114
13231,769,96
13241,32669,120
13241,33607,118
13250,26989,105
13250,64604,184
1330,32979,98
13310,45088,116
13316,41070,117
13316,48255,88
13326,29623,100
13326,32479,105
13332,20150,98
13332,25365,102
13385,34825,98
13403,64814,92
13432,11825,158
13432,59579,107
13465,47744,210
13465,50360,101
13496,317,118
13508,23781,103
13508,7482,109
13517,15777,90
1352,61032,103
13550,40313,159
13550,9858,84
13563,27583,87
13563,781,157
13571,54285,93
13585,19759,113
13589,14229,109
13604,24652,163
13604,42939,97
13615,4619,110
13620,30803,99
13623,24645,94
13646,48080,152
13646,52435,87
13657,35084,115
13695,24067,112
13698,12070,50
13698,45804,240
13719,16178,113
13719,64168,92
13728,29843,90
13728,44344,153
13741,42173,106
13741,6172,108
13769,59019,91
13769,64471,145
13794,24774,100
13794,51141,98
1381,31273,85
1381,33057,165
13818,13968,160
13818,35066,100
13847,8787,91
13853,32005,91
13853,37219,102
13857,43374,95
13921,1796,106
13921,41002,108
13953,29835,199
14018,5505,93
1403,62633,116
14052,29512,146
14052,7806,97
14063,1119,148
14063,13560,110
14065,33303,97
14091,48197,104
14102,24136,76
14135,23582,98
14178,62202,117
14251,29591,115
14251,5576,92
14281,10523,97
14309,12900,148
14309,53843,97
14321,16503,105
14321,8413,105
14343,24442,100
14343,58548,87
14351,24224,103
14351,43472,103
14371,4998,117
14385,30335,95
14388,12312,96
14388,6738,161
14393,47591,132
1440,56739,107
1440,62244,110
14425,22151,130
14429,57624,91
14452,34955,121
14452,41625,115
14465,21818,147
14469,26362,114
14469,53905,103
14517,1621,122
1452,22173,106
14520,23195,120
14543,51645,109
14590,45895,101
14590,63177,101
14601,15569,153
14601,53250,102
14616,23054,96
14616,32437,97
1464,28340,115
14654,59721,115
14676,34791,128
14676,42943,109
14678,1429,114
14684,35184,153
14684,6580,95
14709,26387,115
14729,41475,168
14729,51023,92
14759,47683,89
14780,56281,113
14784,24164,159
14784,43936,97
14788,18931,110
14788,29104,112
14790,60494,103
14790,7720,157
14806,56821,133
14807,36307,120
14817,39329,89
14831,40855,90
14831,58727,167
14846,42425,103
14870,42123,127
14908,40110,109
14924,13781,109
14950,12114,109
14963,4059,110
14989,41296,101
14989,59710,155
15006,32563,109
15022,39645,68
15035,34385,106
15035,44442,94
15040,34810,104
15057,56629,102
15089,12625,104
15090,31002,156
15090,50233,99
15109,15229,91
15109,47145,144
15114,11127,106
15114,6484,96
15117,39205,117
15127,39674,95
15132,64951,101
15141,52122,107
15151,16636,81
15160,9172,113
1518,19204,125
15185,22256,110
15185,31283,110
15188,29661,156
15188,53257,85
15226,13068,101
15226,5510,107
1523,62556,99
1526,40307,115
15335,13697,131
15347,39060,97
15362,36509,95
15385,7650,112
15398,44849,106
15398,60509,99
15404,26757,120
15415,11635,150
15419,46641,84
15425,42217,99
15425,58663,163
15438,56764,97
1546,57353,122
15463,29545,93
15472,14668,104
15480,39579,104
15480,56685,164
15492,44581,114
15511,7974,99
15529,38566,116
15541,41937,106
15545,50196,127
156,64005,93
15611,11556,142
15620,3836,163
15620,59366,105
1563,57716,163
15645,52373,90
15645,55957,143
15697,58637,101
15700,45131,120
15758,46001,96
15773,32127,105
15773,57350,172
15783,43871,157
15809,29821,90
15809,63526,114
15822,33211,106
15823,63867,110
15853,11385,114
15876,38633,116
15949,50582,115
15956,13043,181
15956,28209,89
15968,41122,75
15984,47471,120
16000,39325,151
16000,39717,105
16006,26002,101
16033,9387,99
16036,22350,137
16059,58431,104
16068,8407,99
16069,4203,88
16080,14,119
16080,61194,166
16088,3078,114
16088,4281,105
16090,5127,151
16090,64023,101
16100,11550,117
16103,2365,124
16120,9598,99
16123,50658,174
16123,55257,138
16135,13675,107
16140,55965,99
16140,60755,113
16195,24426,93
16198,10772,168
16198,24428,96
16202,36885,148
16229,52932,84
16229,6304,94
16240,22002,86
16244,15140,98
16244,21328,148
16255,26426,103
16255,52526,166
16310,31825,89
16327,42680,109
16327,63843,154
16335,45046,124
16342,28711,96
16342,8736,132
16343,52163,90
16343,59240,141
16368,15406,109
16431,8901,142
16436,6305,95
16439,16607,180
16439,24212,94
1644,7854,99
16450,30471,110
16450,32436,180
16477,14489,100
16477,36052,164
16494,44612,157
16494,6130,88
16518,19539,148
16518,63666,96
16588,44803,98
16588,45575,93
16598,29128,170
16598,7980,112
16602,15856,129
16618,63074,98
16645,29832,119
16645,4123,105
16682,33355,96
16691,35894,90
16691,60898,23
16712,27413,118
16712,8552,183
16715,18441,86
16722,48930,111
16727,54772,114
16731,50144,100
1675,15870,108
16776,23671,97
16776,6871,98
16800,59041,93
16836,15920,120
16859,38307,91
16914,59379,116
16926,38242,107
16930,24368,97
16930,56687,93
16935,59318,99
16946,17793,154
16946,31332,89
16963,6910,75
17002,14009,114
17044,6043,109
1705,50078,102
17128,36728,93
1713,43631,97
17131,43657,102
17138,39811,118
17159,7808,99
17178,12055,78
17185,48568,52
17185,62006,159
17190,1952,95
17216,35892,87
1723,3381,136
17252,29243,118
17263,48466,130
17264,30494,91
17264,8766,159
17265,52279,103
17304,16099,121
17304,30935,170
17326,4617,105
17341,44036,114
17350,13731,103
17350,37587,105
17373,7507,120
17381,10099,139
17381,34731,98
1743,39569,115
17439,54088,90
17485,20975,120
17502,42535,93
17542,35220,120
17569,24508,125
17569,25097,106
1758,49718,108
1758,8762,96
17588,26962,152
17588,64104,95
17590,10358,85
17592,33237,115
17598,31429,97
17598,43681,104
17599,54523,117
17629,59195,132
17662,41795,90
17750,39404,113
17750,60253,113
17774,44435,103
17774,62427,150
17782,15886,102
17806,2473,119
17826,11060,96
17842,61501,117
17843,46156,94
17847,15412,189
17847,15433,112
17854,19439,102
17858,28796,144
17858,42805,131
17872,15802,96
17888,40071,107
17888,50886,146
17890,4821,117
17897,48143,120
17945,59385,119
17952,51116,107
17952,60165,98
17959,37048,174
17959,6414,103
17974,3632,96
17974,41144,172
17978,52176,117
17990,22445,94
18001,52455,76
18025,11166,112
18028,3115,108
18051,15192,69
18051,56871,69
18053,29396,118
18080,12951,111
18093,46244,115
18093,52338,118
1814,47007,112
18148,3877,134
18157,13388,180
18157,2117,102
18210,14715,108
18210,61073,119
18240,38191,108
1826,17080,171
1826,28502,95
18287,45183,90
18301,1407,64
18327,4510,107
18356,26813,93
18362,52756,83
18362,9008,148
18366,43529,120
18366,55885,89
18377,6884,83
18384,29422,100
18384,57777,183
18404,18437,117
18407,14165,97
18407,57683,113
18408,8529,121
18413,28978,114
18426,63545,94
18517,42818,168
18517,51007,109
18520,41346,92
18520,49052,166
18523,53938,115
18524,19299,111
18524,65281,108
18534,17043,159
18534,20668,88
18628,32935,115
18639,28870,76
18653,17835,121
18682,55449,80
18697,12840,92
18697,42973,91
187,9748,109
18727,21894,96
18737,21780,91
18737,35466,99
18762,48198,105
18762,55964,156
18769,17758,150
18769,31810,93
18775,22816,91
18779,62696,110
18811,25133,90
18811,31269,173
18821,2559,93
18821,42953,104
18863,45450,111
18872,30223,103
18872,55191,165
18877,39628,99
18905,14403,100
18905,63415,99
18920,18093,163
18920,41708,94
18947,40068,99
18948,11665,94
18948,47689,149
18950,21789,99
18950,63251,170
18965,32202,151
19,14374,106
1900,48371,113
19017,63087,104
19018,19922,90
1902,2215,125
1902,5687,106
19045,53538,104
19050,21227,85
19050,30805,126
19054,48078,97
19065,56813,96
1908,35311,117
1908,4290,111
19082,42519,102
19082,51738,87
19097,13589,99
19120,55292,101
19139,59463,101
19144,24861,100
19160,13111,95
19160,54793,155
19169,31702,101
19169,52390,89
19170,39114,105
19170,44974,161
19247,15953,109
19247,38350,100
19249,19657,105
19249,48901,108
19263,38576,114
19263,42431,96
1927,49929,106
19314,42836,90
19318,18403,108
19330,46494,128
1934,39625,91
19344,25973,107
19344,55832,93
19366,3532,88
1938,23767,116
19384,13750,104
19384,3263,187
1939,51592,98
19410,19927,96
19410,7334,97
19442,23146,123
19442,45709,51
19448,14466,148
19448,5359,91
19461,1858,111
19461,34843,97
19464,2162,155
19464,31391,123
19486,14516,122
19543,44583,97
1956,17728,111
19574,42262,107
19574,5971,124
19577,11548,95
1960,13901,109
19600,10745,95
19647,40846,110
19662,64221,100
19664,31294,175
19664,653,97
19679,7439,163
19679,7923,102
19684,13033,98
19684,7645,98
19691,33284,96
19691,6311,91
19713,11474,128
19721,838,84
19740,10185,99
19740,39521,174
19742,4589,106
19763,12621,42
19763,17217,71
19766,29313,82
19766,56628,108
19785,10302,96
1979,39162,89
19826,39135,93
19828,13713,114
19828,37570,153
19847,21341,105
19847,41146,103
19855,2871,95
19855,53259,165
19857,27502,94
19857,31547,152
19865,24191,133
19865,54445,131
19881,48096,103
19913,29554,116
19913,56040,174
19914,23769,106
19916,42815,108
19930,32570,110
19930,34425,104
19958,56530,104
20087,30769,106
20087,45305,102
201,49066,99
20118,16384,115
20125,19598,97
20135,63081,89
20207,33860,104
20207,7146,92
20213,29490,102
20213,62493,103
20225,20933,100
20297,28647,127
20297,34360,101
2031,26726,115
20369,44901,95
20385,31849,109
20385,50084,87
20399,428,112
20423,42360,145
20423,61541,107
20426,18593,124
2043,50202,96
20454,47724,96
205,62534,87
2050,59061,145
20605,30641,98
20605,52020,113
20621,15271,90
20621,60881,151
20641,1988,92
2067,55777,87
20689,14184,95
20689,48572,188
20705,41774,98
20705,55368,106
20723,35375,104
20740,64996,147
20740,7319,99
20788,24484,147
20788,58333,73
20791,19070,115
20830,51433,114
20869,35067,98
20907,18719,100
20907,44856,123
20930,15090,129
20951,15539,111
20951,6575,113
2096,16547,111
20981,2809,169
20981,848,99
21050,6536,100
21082,42382,118
21082,59217,160
2112,27280,112
21141,31200,94
21147,44447,98
21151,11509,104
21172,3122,118
21172,44193,184
21212,48028,96
21212,53963,164
21234,5342,112
21253,63049,110
21264,27566,101
21293,27585,90
21293,52316,101
21308,64822,121
21325,12196,94
21325,29647,102
2133,20209,120
21402,10247,103
21402,3339,178
21407,39514,153
21407,52478,99
21411,39864,89
21420,26378,147
21455,15329,110
2147,15889,103
2147,32859,162
21471,31862,110
21518,10179,66
21518,43213,58
21538,2474,101
21538,31410,169
2161,21421,165
2161,6961,103
21646,1274,97
21673,13545,99
21696,29734,114
21724,18578,180
21724,50382,90
21734,35796,89
21739,60088,102
21759,22442,101
21773,34891,99
21773,41309,155
21776,24433,118
21782,36705,92
21795,48429,111
21821,50659,121
2185,15665,110
21852,13288,169
21852,61007,96
21866,14644,184
21866,24091,91
21889,55829,155
21889,56160,102
2189,11172,111
2189,62694,178
21905,58914,91
21946,37529,87
21970,30648,102
2200,21359,117
22005,35053,121
22009,13414,132
22009,59177,116
22015,297,106
22049,14356,102
22061,21879,109
22064,4876,106
22064,6684,120
2209,21338,106
22099,18613,155
22099,19343,86
22102,14112,148
22102,20846,109
22103,43259,97
22113,21664,110
22122,17974,87
22122,56816,87
22132,52078,101
22139,4415,124
22155,58424,107
22175,57964,107
22177,8061,107
222,3646,85
222,64174,88
22200,25378,88
22210,14598,108
22250,5677,98
22260,22402,147
22260,51729,106
2230,20232,104
2230,42154,112
2232,4213,106
22323,16871,101
22323,32516,98
22372,29262,121
22394,44273,127
22443,38062,109
22455,44600,108
22456,10135,101
22461,8942,112
22502,37297,119
22502,48405,95
2254,15570,101
2254,687,115
22580,9795,93
22595,22975,98
22623,26906,87
22626,27371,108
22639,23171,103
22642,31814,104
22676,20648,147
22676,46407,93
22726,26627,115
22726,29869,121
22755,44712,111
22758,13287,85
22760,11261,143
22774,19494,98
22810,51423,109
22845,44281,124
2288,58403,155
22931,48971,100
22938,18915,114
22954,47939,120
22954,54699,101
22957,45421,92
22957,57042,157
22961,26153,100
22961,46387,101
22967,19528,96
22984,56969,115
23029,54527,106
23029,64737,108
23115,63632,97
23139,39950,137
23170,33591,144
23170,49863,103
23185,26067,114
23185,26108,97
23188,37757,97
23188,61725,175
23198,19149,104
23208,38641,98
23241,9031,96
23275,36770,79
23310,31850,131
23310,53997,123
23311,2339,96
23311,2828,124
23332,42130,85
23340,56762,108
23361,22493,107
23361,8050,100
23367,36368,108
23369,61441,120
23369,8222,103
23387,35604,179
23387,60267,108
23415,47601,119
23423,27165,99
23424,33424,77
23433,3465,97
23434,20280,148
23434,48409,132
2345,3507,98
23500,46532,113
23561,19317,99
23571,4054,100
23583,30329,99
23584,49506,94
23602,13693,141
23707,19736,118
23708,19999,102
23708,7192,170
23709,29716,107
23737,29004,159
23737,49921,108
23739,11609,102
23749,12649,109
23777,45863,100
23787,41449,99
23787,61730,178
23817,14083,93
23829,39207,109
2384,34534,101
23857,14120,99
23857,52583,171
23885,47614,89
23885,4846,95
23965,1053,149
23965,48465,89
23979,1788,143
23979,629,105
23991,34620,117
23994,10007,100
23994,10968,187
2402,16134,98
2402,45846,154
24031,42352,102
24049,44334,162
24049,6621,86
24064,10990,108
24102,46973,88
24102,57528,85
24103,56184,109
24156,58935,73
24221,8437,119
24228,26786,91
24229,27769,107
24229,62614,166
24270,48944,100
24270,62901,101
24272,40904,112
24272,62569,161
24288,15972,120
2429,13270,138
2429,23203,114
24306,29547,93
24306,51975,102
24310,4117,179
24322,47449,119
24329,5086,104
2436,14666,116
2436,26438,164
24372,25027,154
24372,50036,90
24375,64651,121
2440,12570,118
2440,20182,118
24422,64573,108
24427,31357,107
24435,38353,117
24435,8546,137
24439,5104,90
24448,39570,89
24461,6417,105
24464,46080,100
24476,17320,104
24476,40924,160
24499,21914,96
24513,17044,172
24513,60883,101
24524,40496,105
24524,61670,107
24528,27472,69
24528,33573,116
24529,3257,88
24538,15049,107
24538,48638,103
24652,13893,107
24654,45446,94
24701,810,94
24721,37002,161
24721,56761,102
24736,16954,115
24736,51027,116
2475,44498,174
2475,60862,106
24753,31539,105
24753,50418,120
24780,39115,138
24787,49691,186
24787,57331,107
24790,19635,110
2482,17473,105
24829,1631,74
24829,49275,71
24835,40369,181
24835,50587,95
24849,53821,102
24867,23016,111
24867,40267,100
24932,36611,109
24936,59075,82
24969,23049,103
24972,11737,126
24975,38572,136
24977,40335,87
24984,52251,152
24984,5472,87
25030,47940,123
2504,22929,124
2504,51881,90
25064,50707,117
25093,47775,105
25095,55034,111
25099,32510,95
25102,32991,106
25102,50875,100
25110,14948,116
25110,28060,110
25121,38615,121
25121,59286,166
25128,63523,107
25128,9683,119
25160,18972,100
25173,18194,61
25173,9062,110
25186,32439,105
25196,29152,93
25211,53550,116
25231,50158,150
25245,35776,145
25245,62367,85
25279,10789,91
25289,18681,75
25289,27372,70
25293,21079,123
25294,9435,104
25306,40492,74
25309,9072,114
25316,28362,95
25316,3086,162
25321,1487,95
25347,4929,101
25353,63618,113
25363,28338,120
2539,17560,159
2539,58401,104
25404,58230,106
25426,54019,97
25479,40957,124
2548,58790,93
25489,46951,122
25537,25995,100
25550,14302,100
25550,22116,118
25556,14621,143
25556,33329,108
25598,13843,138
25598,34344,134
25647,1974,91
25680,15204,109
25680,49905,95
25716,19160,93
25716,38450,111
2572,23364,93
25726,17116,95
25746,37749,106
25760,53211,167
25762,28940,176
25762,53778,106
25779,11366,95
25780,36003,92
25835,47290,97
25839,19314,99
25839,62304,98
25840,7346,106
25860,30688,93
25869,45047,68
25869,56457,95
25894,33269,147
25894,36584,103
25899,21872,106
25922,19952,116
25922,24346,133
25924,45490,105
25924,58983,120
25946,59713,112
25957,17137,95
25957,53750,96
25978,59323,116
25993,48488,114
25999,16651,108
25999,64762,181
26,18881,108
26,41997,100
26009,13895,74
26009,6135,81
2602,38305,102
2602,60750,113
26045,20852,109
26053,19031,96
26053,44922,98
26056,3476,169
26056,5660,61
26074,22202,106
26074,60068,98
26080,35998,121
26092,53292,105
26092,54577,151
26098,17601,174
26098,17808,191
26099,30189,175
26099,59847,113
26155,11129,131
26164,38081,86
2621,32946,103
26224,35784,104
26224,58258,108
26231,4819,108
26239,39373,53
26257,33299,171
26257,8418,109
2627,23254,118
26272,42791,115
2629,43200,133
263,44610,103
26305,40255,117
26305,59832,112
26323,49394,123
26324,64947,125
26328,6469,94
26354,26561,112
26365,22632,103
26369,48783,110
26385,31101,112
26468,5291,118
26471,35719,134
26471,49728,106
26473,11365,120
26501,22032,93
26501,31614,172
26510,46157,102
26510,7994,190
26562,33940,95
26562,56411,140
26575,2216,106
26587,29339,110
26587,57590,106
26598,32956,103
26627,33293,121
26627,59729,177
26628,29436,96
26633,33772,102
26633,7222,176
26644,35293,105
26644,37410,183
26659,23622,100
26668,43792,98
26668,57133,174
26698,18658,98
26698,43485,163
26711,25813,111
26727,48417,165
2675,25764,99
2675,3599,92
26763,23337,106
26778,63729,111
26792,62808,79
26801,64272,84
26802,46292,87
26802,56542,173
26838,41229,107
26883,57967,113
26885,11048,83
26926,33987,94
26926,43286,143
26983,59198,125
26993,12136,109
26993,60457,109
27005,31712,96
2703,60401,109
27030,14480,111
27030,17260,178
27037,63801,97
27039,65201,119
27093,59914,107
27104,64397,72
27127,16098,93
27127,40402,158
27143,52443,110
27143,63338,107
2715,17018,96
2715,64423,119
27196,17182,93
27231,48815,87
27238,11821,101
27238,38586,102
27289,13087,86
27289,24214,92
27291,2839,111
273,54878,110
27303,32849,95
27303,49250,109
27333,21777,163
27333,48162,105
27419,14924,100
27419,6473,111
27421,56648,109
27428,13218,72
27428,30498,156
27434,19632,115
27436,51581,99
27522,53043,99
27522,54462,96
27555,21692,96
27555,35422,166
27575,10273,136
27597,51928,116
27617,9155,109
2763,14075,102
27648,65402,115
27661,28184,164
27661,41332,105
27667,25427,120
27667,53150,159
27699,13206,103
27699,64154,104
2770,35059,99
2770,50533,104
27701,4834,89
27715,16924,105
27736,8833,120
27773,32785,115
27781,54665,92
27782,20749,146
27782,9587,105
27816,14844,116
27816,4027,161
27884,31343,90
27897,17730,141
27907,2558,167
27907,47784,99
27910,999,116
27922,19003,120
27938,51935,100
27954,20290,105
27963,10170,127
27963,46904,100
27969,6989,119
27971,41121,108
27971,55548,110
27991,102,109
27991,64897,107
28045,16116,124
28055,43798,91
28095,20664,149
28095,58391,119
28099,13465,105
28099,26101,172
28123,53651,98
28127,15696,115
28127,32214,108
28128,27283,99
28128,47711,166
28144,26187,111
28144,63182,161
28157,31173,97
28186,4875,134
28202,9765,93
28211,47454,46
28211,9673,66
28213,59048,94
28224,25497,148
28224,58022,96
28284,37474,158
28284,58948,112
28288,28267,103
28288,33659,165
28294,21366,165
28294,28339,76
28297,43580,119
28297,54556,119
28302,52097,80
28302,9399,169
28306,26421,101
28321,40219,147
28331,46570,93
28371,30990,146
28371,40531,102
28381,50943,114
28381,53911,162
28417,59926,113
28433,20764,106
28433,65283,104
28456,5535,160
28456,61198,138
28467,10480,181
28467,64134,102
28468,4310,116
28473,5744,103
28485,2929,98
28511,24062,92
28511,43035,100
28544,9119,122
28555,15967,106
28556,21349,118
28569,12674,106
28569,64117,91
28581,56748,122
28585,29494,143
28585,33071,92
28595,62678,94
28621,40360,107
28621,51703,153
28624,13064,106
28672,27601,109
28672,35491,165
28698,23647,101
28704,42081,110
28724,55735,106
28753,24471,121
28753,26792,164
28769,17111,94
28769,48451,120
28786,29431,103
28870,47024,117
28892,14923,83
2891,14438,88
2891,41428,168
28925,10385,121
28927,44525,91
28944,3217,121
28976,24373,91
28976,31146,102
2898,33782,181
2898,6519,107
28983,4964,93
28983,8593,110
28990,54146,108
29005,25652,151
29005,41222,83
29037,48467,108
29049,1092,100
29049,49838,153
29062,65515,98
29072,52695,108
2909,21385,85
2909,56120,68
29128,47004,121
29128,62543,106
29168,53146,107
29177,19627,174
29177,21068,93
29181,28776,120
29224,10048,166
29224,59280,94
29235,27686,103
29259,51450,112
29319,17263,98
29319,9369,150
29336,15285,117
2937,8242,105
29385,59523,159
29385,59928,98
29397,5475,111
2940,24146,93
2940,36847,161
29407,12288,107
29412,34678,164
29412,5569,105
29433,44804,124
29443,17317,121
29448,14488,91
2945,12659,93
29483,13341,138
29511,21235,116
29518,41703,179
29518,43308,96
29529,54979,106
29529,64330,166
2953,12629,67
2953,15240,86
29539,54335,109
29541,14308,103
29541,52005,154
29553,23988,108
29565,36753,99
29603,23725,110
29606,26921,150
29606,65125,164
29624,39261,117
29624,51089,173
29637,36172,112
29641,22396,162
29641,29571,115
29647,62341,169
29647,942,100
29657,2907,100
29692,37953,101
29700,64233,88
29706,2626,90
29706,64850,179
29731,30872,87
29749,28837,110
29749,63714,104
29758,44318,104
29758,60052,150
2978,13271,92
29831,12529,103
29858,16174,115
2986,12793,122
2986,26198,121
29876,27172,102
29881,35631,112
29893,12168,95
29931,37807,96
29931,53006,94
29978,39293,164
29978,59236,94
29987,34318,101
30064,44212,80
3007,32217,61
3007,59104,151
30078,21759,136
30091,54072,69
30091,62938,77
30137,43835,108
30203,31069,93
30204,39095,99
3021,883,94
30227,57182,94
30286,9712,105
30327,2049,113
30327,51597,106
30331,35573,88
30356,11911,126
30356,44549,101
30365,48873,96
30394,48358,172
30394,56380,94
30396,40374,99
30396,53234,104
30405,6181,96
30424,1481,100
30427,29464,117
30427,49470,170
30436,15592,101
30436,28517,160
30446,24134,115
30454,60403,107
30487,1063,122
30488,26683,110
30489,37011,109
30489,59073,164
30497,43659,98
30499,41831,85
30510,34831,103
30514,43994,99
30514,5323,156
30515,12104,127
30566,7130,115
30604,26811,82
30604,51843,178
30613,17269,93
30613,41008,95
30628,9987,116
30683,38271,105
30697,21854,178
30697,3905,115
30698,26709,107
30706,17113,102
30706,61660,160
30730,14172,96
30730,53160,105
30758,46619,148
30758,54365,98
30775,23045,106
30791,11135,95
30791,37809,162
30877,58331,92
30890,27030,162
30890,383,100
30891,44561,125
30923,12347,104
30923,59486,103
30938,34613,97
30954,3165,115
30954,3768,168
30984,17603,121
310,34700,109
31014,9410,126
3103,34693,105
31033,48322,115
31034,48129,120
31051,10730,87
31051,18202,179
31057,32337,126
31070,64354,105
31087,39366,116
31158,28163,31
31158,60358,83
31177,12474,123
31220,10518,92
31225,50145,116
31228,14557,169
31228,515,95
31242,22460,105
31242,55243,151
31256,28249,96
31275,20412,116
31276,37315,88
31284,9913,99
31286,36214,98
31286,45017,159
31289,22767,98
31289,63310,111
31293,5213,152
31293,60873,78
31307,58970,184
31307,62710,104
31308,47675,97
31308,7973,111
31339,40176,165
31339,56722,89
31403,27799,117
31462,20564,110
31462,23321,82
31474,20619,96
31478,31107,91
31490,21243,108
31508,47637,89
31572,8595,122
3158,1656,94
31583,17485,107
31586,41374,119
31586,7681,118
31636,5118,106
31636,5425,106
31645,10931,95
31645,28279,97
31658,36981,113
31658,5313,103
31667,12428,22
31667,39530,106
31694,32672,213
31724,12672,96
31728,23062,142
31735,14264,107
31735,26210,122
31747,57634,91
31747,8133,156
31749,32476,94
31767,54041,96
31769,30977,120
31777,29038,120
31781,65514,95
318,58344,123
31815,40669,97
31842,21551,104
31845,15919,101
31845,17738,113
31853,1368,93
31860,36219,106
31896,54770,170
31896,64942,93
31899,65172,102
31919,42229,107
31927,47897,85
31927,52137,107
3194,56169,125
31966,41490,101
31966,49736,138
31972,34854,122
31985,61748,103
31992,17791,175
31992,41895,111
31995,45169,117
32001,1357,106
32001,64242,179
32011,6027,120
32036,38226,176
32036,43555,109
32072,35846,101
32079,61033,119
32081,60792,111
3210,20581,113
32139,9651,118
32154,57025,105
32154,59584,103
32195,52275,110
32197,23999,156
32197,30197,93
3223,13662,54
3223,62225,184
32235,18576,101
32266,38619,80
32266,56674,145
32269,51897,103
32269,59095,156
32270,11399,94
32270,62020,94
32272,13774,90
32340,14762,102
32347,27781,169
32347,40266,105
32354,6030,113
32379,45992,128
32393,46307,180
32393,63147,96
32397,5045,185
32397,53484,95
32405,26608,103
32425,26840,93
32425,5218,86
32442,45515,103
32442,550,95
32448,28546,114
32529,1478,145
32529,40022,97
32531,30892,105
32531,51813,170
32541,51775,82
32565,54756,164
32565,6830,93
32568,26178,101
32568,39807,100
32604,17211,92
32605,42408,118
32613,15943,85
32613,31599,94
32627,51693,110
32628,45957,105
32664,58501,116
3267,2262,103
3267,58985,165
32703,49539,108
32723,19334,126
32723,33678,105
32726,12806,152
32726,16654,76
32734,50920,108
32734,5702,163
32772,1757,102
32780,36802,104
32819,13251,97
3283,46727,101
3283,8630,163
32840,18000,105
32840,9924,175
32848,7794,93
32869,10808,99
32869,1222,101
3287,33914,161
32905,46621,82
32905,6635,85
32919,64616,96
32934,57225,111
32943,22788,101
32943,50300,99
3295,19353,108
3295,60317,169
32965,20683,109
32965,34704,182
32982,5503,94
32987,3928,90
33,55570,135
33007,44758,107
33029,2191,123
33029,36791,123
33100,14475,136
33100,65036,124
33111,10106,102
33111,40446,173
33124,14908,112
33124,2525,115
33130,10913,133
33133,28577,123
33133,32137,104
33182,37374,104
33219,53863,126
33230,5787,99
33242,50030,167
33242,62580,100
33251,17605,100
33251,54917,158
33308,24465,100
33330,30399,101
33330,60652,142
33339,21626,105
33348,17199,120
33368,50939,95
33372,22832,90
33382,21653,106
33382,6185,177
3342,19175,106
3342,48250,163
33475,45892,113
33483,29963,97
33483,41985,147
33485,20588,109
33485,39201,100
33501,26445,100
33566,61442,113
33578,19845,147
3361,43955,93
33610,31346,91
33632,21134,100
33648,29865,127
33696,33595,108
3373,92,115
33762,5147,102
33762,54526,98
33780,5938,94
33791,9041,99
33791,9217,165
33811,21730,163
33811,26191,99
33823,5783,100
33834,17341,89
33845,1238,114
33848,17577,102
33848,47305,100
33891,7634,105
33964,23738,116
33967,29305,113
3399,3884,111
33999,62351,134
34012,25252,100
34077,58482,114
34089,28408,108
34091,33894,128
34094,53017,115
34098,47606,97
34109,56025,98
3411,25529,89
34132,41652,100
3414,58041,134
34140,10704,108
34140,60725,109
34190,10346,84
34200,48388,108
34204,41115,103
3426,19931,106
3426,27351,96
34290,32912,97
34345,40382,113
34354,43041,133
34357,29996,98
34357,9888,102
34366,23548,123
34386,3828,125
34401,17196,124
34406,64091,98
34409,10252,164
34409,43233,96
34422,41849,101
34422,61109,153
34450,59,60
34450,8333,67
34469,16314,92
34469,42945,152
34512,62726,105
34522,64561,104
3460,14670,98
3460,33362,165
3471,63710,95
34717,30155,91
34720,54369,99
3475,26129,166
3475,56647,164
34785,24288,50
34785,41493,41
34793,51093,120
34802,11697,178
34802,29653,110
34836,44983,111
34838,23397,102
34838,6287,101
34848,31476,124
34864,57116,115
34869,54975,124
34870,32068,109
34911,45987,124
34922,41117,162
34922,57785,105
34943,48120,99
34952,29267,111
34958,6413,102
34965,11342,112
35022,16882,90
35022,29294,88
35029,55564,98
35029,9810,113
35056,49753,124
35058,11494,99
35058,4789,167
3506,13307,80
35072,29567,88
35079,55300,105
35115,24969,90
35118,49309,96
35118,50532,113
35138,34781,91
35168,16724,180
35168,17227,100
35185,48623,172
35185,5198,98
35187,1872,105
35187,63076,110
35195,2340,92
35231,1636,105
35231,65327,146
35232,28820,120
35251,30330,94
35288,50927,89
35294,28450,104
35331,53154,107
35348,41274,104
35372,34973,112
35372,43109,106
35383,8694,102
35404,127,95
35404,53951,153
35444,53110,95
35447,15326,93
35447,30533,80
35449,21050,141
35449,62661,118
35468,18971,96
35468,35990,124
35473,3593,101
35489,62659,112
35511,12221,100
35557,25943,158
35557,4857,102
35574,29809,120
35580,31659,110
35600,56631,111
35653,23644,106
35659,2165,105
35659,8672,104
3568,14440,103
35693,37815,121
35708,48136,110
35714,48647,107
35723,59288,86
35723,6714,94
3575,19564,116
35756,47099,106
35763,46058,107
35763,51487,168
35765,31821,101
35794,42578,71
35798,62886,114
3580,8188,91
3581,51014,99
3581,52801,141
35821,31803,107
35821,64505,107
35839,17297,108
35839,41646,103
35842,16080,114
35842,27089,117
35863,37836,107
35885,50680,112
35885,62966,155
35908,14021,260
35937,31911,112
35937,5638,156
35941,59661,114
35979,39083,116
35997,62704,120
36017,51160,103
36017,52891,156
36022,58697,101
36038,36387,95
36042,14816,127
36067,23511,114
3607,10098,109
36081,25834,99
36091,40503,99
36102,19917,110
36105,63701,107
36105,64520,150
36114,37351,122
36114,54394,104
36131,53721,105
36150,26228,102
36170,29449,85
36170,53977,82
36179,8271,139
36251,37774,155
36251,6772,80
36277,30114,108
36277,51341,102
36285,47658,91
36289,5260,90
36311,61212,171
36327,62495,102
36356,40908,98
36364,38031,102
36367,60813,123
36411,1030,92
36411,16008,145
36414,10199,102
36456,18945,109
36456,23128,101
36491,11447,104
36507,52504,102
3652,28667,121
36542,39825,146
36542,57717,84
36576,11905,136
36576,27944,118
36591,14643,115
36591,37086,119
36622,36040,88
36629,26586,113
36651,24654,102
36686,19663,105
36686,7792,116
36688,40590,103
36695,38015,79
36695,39024,171
36700,43056,115
36726,40920,110
36738,32124,114
36738,42832,99
36782,52635,105
36809,63670,100
36832,38009,96
36832,40073,181
3685,27939,161
3685,40327,98
36859,1780,106
36859,40396,182
36898,6766,92
36921,54692,106
36940,2458,100
36943,62478,123
36944,20101,169
36944,57098,111
36963,11796,106
36982,36049,100
36984,34698,169
37009,10900,114
37022,18149,100
37022,57224,99
37028,25758,87
37028,45013,96
37042,34641,148
37042,42426,99
37054,33849,183
37054,4010,58
37062,27800,-1
37062,63036,283
37084,36960,100
37095,45478,104
37096,14507,105
37101,5200,121
37117,34371,122
37117,46308,121
37119,27391,175
37119,37181,173
37123,35447,101
37164,30077,103
37169,18624,110
37169,26343,102
3717,15782,100
37171,39062,103
3720,54157,88
37248,28018,98
37260,19788,100
37260,21973,99
37273,31602,104
37276,19363,102
37313,41963,177
37313,45247,93
37328,20442,100
37338,3542,102
37338,6641,171
37342,44902,103
37352,25794,170
37352,47901,79
37425,21831,135
37425,51944,91
37429,15748,125
37436,50434,101
37436,59325,99
37459,22479,82
37459,61569,79
3747,37386,96
37489,17329,114
3749,45127,99
37495,23186,111
37502,30005,95
37520,49265,83
37543,14759,156
37543,32007,111
37551,62680,111
37563,30671,102
37568,63239,89
37575,45842,130
37597,24129,114
37637,4320,98
37637,58774,166
37648,41083,150
37648,63951,109
37694,53932,94
37694,64263,92
37708,24801,107
37741,14367,93
37741,26009,152
37748,14805,130
37789,25601,98
37802,31571,164
37802,31852,99
37820,22201,135
37820,601,154
3785,24063,146
3785,2713,146
37913,35669,98
37913,63048,95
37942,63754,118
37954,2111,171
37954,59577,88
37958,33890,105
38001,10379,139
38001,39290,90
38003,10242,122
38003,22746,122
38015,15989,116
3802,53062,110
3802,55734,124
38021,12417,105
38021,45232,176
38045,41288,97
38045,527,97
38056,57556,88
38056,64795,89
38059,61540,156
38059,65237,95
38067,52482,113
38088,59202,79
38088,60915,85
38090,28259,113
38090,58036,97
38098,7694,121
38109,18256,173
38109,29949,93
38123,10332,99
38123,14879,106
38129,15785,175
38129,39152,119
38150,25352,124
38150,33925,123
38192,19338,99
38194,41530,103
38200,55023,95
38238,32670,88
38297,9194,111
38299,26983,92
38336,22631,98
38336,55646,106
38337,548,116
38343,19637,87
38343,24699,86
38365,31167,101
38365,64654,91
38386,58479,113
384,48600,100
38427,55694,116
38467,30452,104
3847,10857,153
3847,38639,97
38511,42686,100
38511,59702,147
38541,60961,171
38541,63205,108
38581,53174,164
38581,54991,90
386,36627,101
386,56482,101
38706,4181,97
38732,52826,93
38757,7238,114
38761,40892,97
38776,13447,38
38776,58630,57
38789,22389,148
38789,4880,100
3881,19714,112
38822,11535,79
38822,11641,97
38843,27299,103
38843,49832,104
38867,9877,104
38882,24898,99
38882,33725,152
38982,22232,94
38982,8340,94
39005,49448,107
39014,28507,105
39021,17903,101
39031,5290,107
39065,58520,155
39065,9999,144
3907,5674,114
39093,15324,89
39100,65295,115
39118,1715,169
39118,18770,106
39127,1342,105
39127,24349,124
39149,4457,91
39149,59250,108
39270,25475,102
39289,22593,111
39293,4604,102
3930,41416,104
39330,8320,96
39335,55644,95
3934,41894,103
3934,64676,116
39396,46088,111
394,8611,105
39405,37079,96
39405,9310,159
39421,40798,114
39462,35726,189
39462,47218,108
3950,64398,80
39534,13052,107
39537,60609,119
39544,31475,108
39548,39049,148
3956,22914,136
39580,16669,96
39607,24731,97
39607,42015,162
39624,17621,157
39624,57024,95
39632,21403,99
39655,20216,101
39661,21846,123
39661,44343,166
39663,28237,105
39663,49355,113
39698,51170,108
39720,25964,100
39728,32152,100
3973,32371,87
3975,18519,46
3975,35663,83
39750,19581,97
39778,29876,174
39778,44735,98
39787,3,99
3983,19468,102
39839,1320,90
39839,561,152
39848,20166,117
39900,4712,98
39911,14954,100
39911,53906,99
39918,28457,99
39918,45929,111
39924,26808,123
39952,62939,124
39984,33968,105
40040,5772,157
40040,9826,99
40069,63905,121
40089,43966,96
40124,30716,154
40124,5806,102
40149,53319,101
4015,30718,107
4015,62195,111
40188,17910,94
40196,26889,96
40221,36799,101
40227,36813,86
40240,1252,109
40240,4424,94
40251,62741,109
40269,9405,81
403,9,97
40307,40772,116
40339,44779,114
40339,62870,93
40345,47422,92
4037,35221,101
40389,34050,108
40405,63252,96
40406,34657,95
40406,60539,127
40451,42962,137
40473,49881,85
40488,3067,116
40493,54378,99
40493,56486,150
40496,58149,126
40496,64369,101
40508,34311,102
40546,18929,164
40546,57157,93
40565,62729,132
40633,23522,125
40633,36073,110
40659,41282,88
40659,42465,97
40663,12603,139
40663,49303,96
40666,10906,136
40685,11553,108
40692,8247,107
40740,50549,100
40749,55495,104
40754,48977,107
40756,39391,117
40758,19212,121
40787,63166,106
40792,37777,119
40800,60113,114
40817,4219,101
40819,38807,92
40881,46845,92
40912,3244,120
40922,60157,136
4093,5176,101
4093,8236,101
40968,13590,152
40968,36850,104
40975,58679,87
40975,639,83
4098,42797,122
41002,38396,152
41002,39977,88
41007,51346,105
41007,60690,109
41050,21228,110
41050,6439,102
41055,58272,100
41055,6983,147
41083,35271,98
41087,32236,97
41139,17892,118
41150,17880,107
41150,9556,108
41152,19422,104
41152,24443,104
41184,39337,106
41238,3873,95
41239,1378,99
41252,25039,132
41268,57703,175
41297,7511,110
41306,5103,92
41360,30952,101
41360,43088,103
41364,21681,113
41364,46914,114
41392,10981,105
41434,37658,113
41434,4893,174
41437,39812,117
41437,46923,169
4144,2358,159
4144,39265,104
41450,65029,107
4148,27542,118
41481,44204,85
41496,2517,88
41520,58477,163
41565,32425,121
41583,5019,83
41583,60843,105
41585,48385,112
41599,61839,98
41623,22579,92
41629,16813,99
41716,51752,50
41734,51205,134
4177,1825,89
41774,23314,98
41792,25018,95
41792,26470,166
41845,12696,167
41845,23281,107
41855,4896,100
41855,63662,160
41864,27019,85
41864,53038,181
4189,37723,110
41899,14027,104
41905,1689,159
41905,40497,102
41956,1418,157
41956,15628,95
41972,64421,115
42008,52961,115
42008,63418,115
42013,12745,103
42013,55615,106
42046,48762,110
42080,36021,89
42098,25982,97
42098,39616,96
42100,34388,102
42109,56044,102
42109,8553,105
42134,37709,99
42134,48273,170
42155,11839,164
42155,43660,99
42159,18313,122
42159,64445,114
42179,64331,82
42266,28751,101
42266,53004,112
42271,31995,131
42319,17568,171
42319,36550,99
42354,15684,111
42354,27359,113
42358,10174,92
42358,46065,174
42412,42903,113
42422,21015,88
42436,11748,172
42436,30902,94
42487,38629,103
42488,46934,106
42513,54130,125
4253,31265,96
4253,8824,96
42555,62641,111
42558,8894,103
42564,22862,117
42564,23371,118
42592,13342,110
42602,34191,121
42612,14848,103
42612,16644,171
42617,30684,101
42617,41848,100
42623,23405,108
4265,5085,156
4265,59606,113
42742,11134,94
4275,34993,87
4275,37162,164
42756,30606,87
42769,27270,111
42833,22417,93
42833,62496,144
42837,22159,86
4288,48332,115
4288,63615,106
42897,62022,111
429,58544,106
42915,15918,99
42922,15464,82
42922,2371,82
42924,14537,102
42924,29995,103
42939,65266,103
42948,61256,104
42978,35124,168
42978,51709,102
42982,917,97
42985,56551,110
43,24055,100
430,18935,79
43024,37372,105
43024,8491,169
43057,23614,177
43057,32996,111
43059,15586,140
43059,60138,92
43081,31646,93
43081,60218,103
43082,25988,91
43086,3617,126
43086,63334,126
43099,40956,111
43122,21771,107
43122,26578,166
4313,17911,94
43199,47609,111
43199,62778,161
43201,33794,98
43201,37579,123
43203,15836,160
43203,30636,89
43260,35693,95
43260,427,73
43266,29040,106
43294,33093,97
4331,58214,88
4331,61772,90
43327,58069,113
43329,22566,106
43329,33019,167
43342,64389,101
43365,31928,84
43365,58800,90
43366,39654,103
43381,43057,95
43388,37872,120
43399,61747,118
43449,18095,93
43449,63554,155
43461,5479,111
43468,14327,108
43468,36110,114
43477,62389,112
43492,45406,115
4353,38489,45
4353,49108,95
43551,13666,96
43551,53345,84
43565,26168,186
43565,6301,109
43639,59734,100
4364,25272,114
43678,581,100
43734,52692,117
43743,14735,94
43762,7198,108
43770,13231,103
43774,55933,122
43774,64536,129
43786,35840,107
4384,17250,103
4384,8744,163
43853,6423,99
43913,13171,105
43922,25158,37
43922,60194,159
43947,42949,101
43947,62267,98
43950,48709,121
43995,40786,102
44001,22203,97
44001,5460,149
44003,23488,91
44003,62538,99
4406,10426,143
44073,42410,109
44074,61449,113
44102,43972,102
44128,28727,81
44128,53083,73
44136,23837,115
44136,35661,98
44182,33966,89
44182,65292,89
44232,28356,96
44232,35095,176
44245,55959,93
44322,21519,96
44336,25962,108
44365,16102,115
44374,31553,99
44374,37930,98
4441,23291,106
44418,36727,92
44438,31470,112
44438,46115,63
44467,8054,95
4447,15783,106
44472,52396,94
44472,54524,145
44499,10959,113
44499,51017,109
44507,21282,107
44515,2942,96
44529,45369,42
44529,60075,96
4453,45286,97
4453,7286,162
44592,46107,98
44593,5093,135
44611,53560,99
44620,26843,110
44625,34833,106
4463,12816,106
44631,39144,97
44649,4563,98
44649,50198,94
4467,32387,121
44693,46912,148
44693,6344,88
44716,52419,89
44758,10244,94
44758,9661,160
44759,53320,120
44769,17785,117
4477,26376,97
4477,33165,170
44772,30213,162
44799,62011,116
44801,21136,115
44861,12082,91
44861,6483,100
44870,30035,109
44887,33777,117
44895,42083,122
44921,24492,105
44921,42287,162
44951,29596,160
44951,55278,100
44954,27024,50
44954,908,86
44983,31416,112
44991,30279,92
45053,54882,122
45062,44607,102
45075,59664,92
45135,32734,107
4514,53605,85
45149,32545,114
45164,20063,120
45166,65416,180
45208,12125,66
45208,37147,84
45265,45790,93
45303,44615,69
45303,46118,56
45328,44417,100
45328,8161,103
45361,38290,104
45410,4127,121
45410,51976,193
4544,3382,152
45472,32633,100
45488,30064,98
45488,4890,110
45498,17272,97
45530,50460,124
45560,34286,131
4560,45306,87
4561,12524,89
4561,51518,99
45611,46583,109
45638,63663,100
45666,53842,168
45666,63596,89
45718,36147,95
45727,32760,124
45767,33001,100
45773,21735,157
45773,23007,91
45796,4735,102
45797,6503,97
45870,7690,110
45902,11829,100
45902,27072,141
46003,64587,101
46010,3466,101
46010,603,99
46022,22425,124
46056,12670,87
46056,30836,99
46085,37588,95
46085,40520,94
46137,13947,105
46202,1232,100
46202,32122,102
46206,50498,153
46206,56809,106
46234,8047,95
46242,50564,105
46263,34544,109
46269,31270,96
46269,50507,160
46270,18096,86
46325,15753,96
46325,60461,171
46334,22770,97
46334,43564,169
46340,39420,101
46340,7326,141
46358,58160,110
46378,42965,99
4639,14738,103
4639,64992,113
46391,58531,95
46391,61296,102
4640,57336,106
46400,58894,114
46419,40900,102
4645,14642,90
4645,37600,99
46505,242,104
46505,55994,174
46536,33930,103
46536,60900,109
46555,60091,80
46555,7902,85
46562,44822,102
46562,53814,99
46576,2082,138
46576,50721,84
46583,12323,107
46587,59571,154
46587,7983,100
4661,251,77
46613,30956,104
46614,35100,111
46615,54208,150
46615,6941,96
46623,11177,113
46630,39471,107
46630,50591,160
46653,1628,105
46653,33044,169
4668,52219,113
4668,55823,90
46680,24657,171
46680,58148,98
46753,39243,109
46764,25251,98
46764,37876,102
46771,26641,115
46831,21985,107
46831,35782,106
46849,37670,106
46874,11088,103
46874,16576,136
46883,14183,101
46884,52385,101
46884,6563,169
46904,137,106
46904,58027,101
46909,27228,84
46942,6475,108
46945,63585,97
46945,6384,106
46950,5125,108
46950,60784,81
46964,26710,171
46964,27063,94
4697,23352,117
470,19119,126
4704,1254,114
47040,54828,149
47040,9943,90
47059,18530,97
47059,49981,181
4706,12851,104
47065,39222,93
47112,37363,98
4712,14185,108
47124,46589,164
47124,49128,113
47137,36870,169
47137,43355,54
47152,18741,104
47157,29279,112
47157,50089,155
47162,26007,85
47162,32527,164
4720,47618,96
4720,55419,93
47201,41160,91
47201,60611,180
47203,51578,121
47215,28077,170
47215,47048,86
47238,34193,108
47244,52200,126
47263,57769,100
47272,30281,87
47289,30138,163
47289,61325,80
47333,22708,101
47377,39193,100
47419,26952,100
47423,20538,158
47423,45422,100
47473,25914,103
47478,30334,94
47484,26686,100
47484,43038,175
47486,42264,110
47510,12749,15
47510,19171,106
47512,49172,111
47534,54086,109
47543,63790,88
47553,46164,105
47553,9486,90
47574,63744,135
47591,17192,108
4761,50115,116
47653,43236,106
47653,55078,110
4770,50744,90
47709,24684,156
47709,5684,101
47732,63266,103
47766,20714,101
47785,24837,99
47785,55719,151
47794,34804,111
47794,3560,117
47848,16973,118
47883,3163,103
4791,28079,120
4791,4622,99
47910,29063,91
47933,11372,93
47939,19148,99
47939,23629,96
47942,26922,130
47975,15472,97
47975,44471,95
48052,42092,120
4810,13327,164
4810,28732,71
48117,25542,168
48117,9059,85
48128,16529,114
4813,12584,106
48130,4292,110
48130,48607,109
4818,52976,120
48198,11058,105
48208,13012,101
48208,49216,162
48210,30225,83
48213,8517,109
48239,47720,93
48239,48142,96
48261,47344,104
48265,56576,112
48285,45339,97
48307,43490,105
48330,22034,110
48367,21944,79
48367,46712,96
48384,12869,90
48384,5913,102
48403,42696,119
48407,28121,158
48407,43002,87
48414,64665,101
4842,26787,156
4842,2797,100
48469,2654,129
48469,59859,111
48483,57043,99
48508,24563,114
48514,59756,92
4852,16399,114
4852,24485,116
48527,29630,105
48540,20158,85
48540,36927,171
48564,5667,177
48564,60204,115
48621,26319,151
48621,307,86
4865,43194,181
4865,9493,84
48657,37944,165
48657,54450,96
4868,17517,97
4868,29943,152
48681,13095,107
48681,45912,98
48684,52516,138
48691,62839,151
48691,76,157
48702,11454,112
48702,55520,114
48710,10109,114
48728,50545,99
48728,52605,184
48757,14919,108
48766,30186,107
48778,11486,167
48778,3831,86
48793,61253,104
48817,30924,92
48830,39678,91
48830,52090,149
48851,16455,97
48851,65297,112
48857,56975,107
48858,39190,97
48865,40025,111
4888,39006,159
4888,49380,104
4889,12858,46
4889,33955,40
48915,37971,91
4895,19372,107
4895,33627,152
48961,65325,115
49018,48614,120
49044,19463,109
4905,25499,158
4905,42392,95
49075,52904,157
49075,7295,100
49096,56790,85
49125,24070,107
49134,14770,118
49134,39615,99
49141,31722,110
49145,41768,115
49148,40793,105
49167,2085,113
49167,40721,147
49178,49896,113
49186,40671,96
49186,46111,101
49219,52535,114
49225,21599,114
49225,40788,93
49255,42819,122
49261,32561,126
49274,41815,84
49274,49616,74
49298,62713,117
49307,7880,110
49314,4344,174
49314,65158,76
49343,15659,174
49343,19094,78
49350,41306,107
49350,56770,103
49372,60518,103
49383,2615,124
49390,62702,109
49403,13862,101
49403,6543,114
49404,15892,96
49404,29964,97
49415,18191,109
49426,18021,100
49443,26216,97
49443,47467,109
49479,62535,105
49505,39737,116
49506,61830,123
49517,26235,103
49517,63008,112
49541,17652,96
49541,46472,113
49545,36107,117
49574,61038,119
49598,22409,169
49598,59260,96
496,5582,89
49617,51036,101
49621,24967,112
49667,26051,139
49667,4044,127
49669,33533,125
4969,37052,160
4969,49349,114
49712,3875,176
49712,47634,101
49737,13572,139
49737,59157,162
49743,33554,118
49768,61622,112
49773,64137,101
49780,16377,170
49780,3594,104
49783,10698,97
49814,14731,101
49814,51566,101
49831,1787,97
49831,61819,99
49853,55381,102
49868,56331,122
4989,19164,122
4989,62602,100
49937,34842,140
49937,45371,90
49954,41479,121
49987,36149,96
50006,9237,111
50021,53973,115
50107,29858,96
50107,62654,105
5013,15890,112
5016,25472,96
50165,47175,99
50179,34772,122
50179,53694,110
5020,18887,105
50219,20864,90
50284,12728,111
50295,7700,105
50296,16233,98
50296,23421,157
50314,6490,98
50324,10231,165
50324,33590,104
50330,52609,104
50330,52742,173
50385,55215,151
50387,118,99
50398,14979,174
50398,44439,85
50412,53982,91
50413,42774,104
50435,63500,109
5047,2471,105
50486,56245,93
50518,1201,103
50519,23991,73
50519,31308,78
50549,3325,107
5057,3948,105
50580,24666,98
50640,18628,90
50647,15332,103
50657,20667,94
50661,10212,134
5067,54510,94
5067,6595,147
5072,42601,106
50737,59269,94
50747,7372,103
50753,4759,71
50759,60679,107
50779,26714,102
50779,5886,158
50803,32509,127
50803,59175,132
50805,47210,99
50820,28122,111
50833,48036,89
50833,7987,89
50840,33164,96
50857,24089,139
50867,56965,94
50867,59820,102
50873,18207,139
50878,29045,112
50910,14178,95
50915,23898,112
50916,15449,164
50916,8313,95
50925,11607,99
50925,18249,102
50938,16842,137
50938,19379,108
50955,39857,96
51007,14871,88
51007,59963,173
51026,5696,106
51026,8401,165
51035,36102,117
51038,27139,104
51038,36313,107
51039,13433,92
51039,5519,168
51076,2555,109
51076,58286,99
51078,62342,117
51080,48957,116
51121,64341,101
51135,36890,151
51135,61200,100
51136,17861,49
51136,63474,20
51177,41882,151
51177,42398,106
51187,22051,110
51192,28238,106
51192,64719,99
51272,58801,89
51272,59116,174
5129,26863,114
51298,42103,131
51338,54817,112
51357,34352,109
51357,40626,165
51410,44650,103
51430,20088,114
51438,1802,115
51439,31977,104
5145,39192,135
51458,1071,103
51458,18366,101
51476,53156,85
5149,28128,44
5149,51175,50
51515,20720,100
51515,26306,101
51520,525,110
51531,2749,109
51545,22730,94
51546,36836,109
51546,62953,176
51611,15297,118
51623,22195,88
51623,40553,155
51650,15228,98
51670,59238,131
51673,18160,96
51675,45915,113
51677,33354,95
51694,50426,100
51716,9144,117
51719,3528,150
51721,17899,114
51728,40769,89
51728,48469,96
51736,60262,90
51764,40734,99
51775,37106,92
51775,42233,155
51778,22299,102
51778,55798,118
51779,45237,91
51807,35121,127
51807,43451,120
51813,17706,95
51813,38812,94
51822,15854,118
51849,45002,99
51863,27182,109
51863,44062,143
51865,4917,106
51874,35695,103
51885,62292,108
5189,45103,106
51896,31972,164
51896,36122,94
51927,18911,111
51930,37728,128
51959,5209,115
51987,5590,99
52007,9138,101
52044,43126,106
52063,45864,94
52063,55484,145
52075,41124,90
521,25315,100
52106,26553,104
52106,44841,99
52117,4005,104
52117,56116,102
52123,58990,119
52125,29805,159
52130,18548,114
52160,24158,111
52160,5528,113
52177,29001,73
52177,57824,87
52223,22745,91
52223,54129,98
52227,29087,98
52227,42668,147
52246,33830,111
52256,44199,106
52256,46998,175
52257,16970,102
52257,48542,145
52297,29438,103
52319,31777,119
52326,12377,104
52360,49740,94
52387,52383,98
52387,9391,176
52416,54830,112
52443,7442,95
52446,52489,85
52446,9612,165
52458,44452,159
52458,58136,101
52507,15224,133
52507,29230,106
5251,27945,111
52513,19554,107
52513,38121,159
52564,21130,121
5260,52307,116
52623,19188,67
52634,12067,97
52634,50459,91
52688,6082,104
52714,37016,106
52714,49687,78
5273,57510,97
5273,65044,163
52733,56735,133
52783,22894,90
52783,64554,106
52797,37402,144
52797,6037,95
52813,1124,60
52813,21621,119
52827,42787,106
52827,53727,165
52862,40961,143
52862,54456,93
52863,27222,102
52863,56906,175
52920,51895,106
52921,3511,112
52921,8697,103
52991,25938,87
52991,29503,96
52993,42914,97
53018,35602,141
53018,49615,76
5309,21283,169
5309,63194,112
53096,38778,92
531,36578,119
53108,52970,101
53163,10046,115
53163,50908,191
53170,2242,118
53186,4646,95
53186,46538,100
53203,24476,98
5325,36544,116
53294,31021,93
53294,60307,144
53322,50997,108
53348,63574,88
53356,34875,101
53364,61156,152
5337,48517,114
53376,45222,105
53395,42377,108
53416,56743,103
53423,40230,144
53474,17957,106
53475,1845,96
53475,30958,89
53482,567,149
53510,39030,130
53513,33499,100
53513,3431,147
53517,33243,106
53581,38658,104
5361,45402,91
53620,43930,114
53625,14727,109
53652,12265,176
53652,6183,93
537,40615,116
53723,33696,91
53723,41178,172
53761,47045,168
53761,6387,102
53784,22601,128
53788,15863,95
53788,26380,105
53819,35674,104
53832,12693,91
53832,21880,90
53853,16835,98
53853,51820,92
53900,17012,108
53906,33080,102
53908,15610,88
53908,15786,95
53912,23086,92
53912,63267,98
53936,20486,88
53960,24369,112
54011,27926,119
54011,347,103
54037,11862,119
5404,23375,104
54049,30308,124
54053,13239,108
54061,19009,104
54062,10709,98
54062,53501,96
54066,57171,103
54100,11005,99
54100,18195,110
5418,65311,115
54183,33526,107
54190,59346,113
54227,43717,140
54227,4603,104
54243,16283,103
54243,63446,104
5425,17057,109
5425,61292,118
54285,31768,95
54286,12186,116
54286,18872,116
5429,17447,106
5429,26248,103
54309,57148,108
54310,18063,107
54343,26025,92
54361,29053,137
54364,33738,109
5437,37136,166
54371,24438,98
54371,55647,100
54373,26711,115
54374,26812,110
54374,32907,91
54394,19919,171
54394,29003,104
54399,2581,111
54421,26075,116
54421,61941,91
54431,22887,108
54441,1324,184
54441,19050,94
54465,181,106
54465,22029,103
54472,9786,110
54519,41840,88
54523,1005,213
54525,18970,130
54525,50667,129
54557,2294,91
5457,56107,109
5457,5853,101
54586,35934,114
54596,1808,102
5462,64040,99
54641,35500,184
54641,48019,105
54656,17259,108
54668,4683,100
54669,23807,162
54669,52469,102
54698,41575,127
54719,46300,131
5472,51460,116
54721,12798,108
54721,51256,120
54722,10000,106
54722,63146,112
54727,27388,117
54774,19538,117
54776,47362,186
54776,54530,100
54814,40319,103
54817,27991,92
54828,53940,115
54832,32243,118
54832,43416,101
54835,29521,78
54835,31524,163
54841,2567,90
54852,22157,88
54890,20706,126
54938,51456,136
54953,14060,108
54961,39176,100
54963,17618,99
54963,30473,101
54977,30425,110
54977,53291,160
54997,27062,116
55074,50838,118
55081,59390,87
55082,31351,90
55176,14091,94
55176,31180,157
55177,52875,108
55206,27232,100
55206,4901,110
55207,35138,102
55209,63344,102
55240,45401,114
55251,50282,94
55254,28125,95
55254,52421,108
55255,20299,98
55255,26447,112
55260,61335,30
5527,30006,106
55303,62664,100
55321,35799,193
55321,61313,39
55332,28660,167
55332,5303,102
55353,43042,97
55353,57102,127
55410,38968,104
55451,12145,147
55451,32471,112
55486,28207,151
55486,47392,86
55490,47546,101
55500,10614,104
5552,29209,86
55530,38981,106
55530,40964,175
55561,27865,111
55567,36257,102
55573,24962,111
55573,32934,93
55580,41337,116
55583,35753,117
55583,39871,207
55592,34124,99
55592,47876,157
5560,43506,124
55615,23591,93
55615,63509,100
55628,43956,48
55628,8946,61
55639,13812,148
55663,54050,114
55663,61102,111
5568,1493,116
55681,16562,160
55681,38887,104
55683,28672,96
55710,47155,130
55735,23911,98
55737,10469,120
55737,5035,103
55742,15298,121
55742,56029,169
55750,50833,145
55750,61657,95
55755,56708,122
55755,7665,103
55785,12496,95
55785,42724,97
5584,3160,87
5584,928,110
55882,35367,107
55888,13925,99
55889,15106,89
55889,42486,106
55903,29738,179
55903,5363,100
55919,51748,101
55920,40376,95
55947,29400,106
55967,16994,119
55967,31221,119
56006,37065,92
56006,39542,112
56017,60135,96
56018,22059,106
56034,12769,54
56034,7922,71
56038,53902,145
56038,6467,94
56046,38794,139
56050,34774,103
56050,40430,104
56053,13487,160
56053,39242,107
56064,44867,94
56066,31381,104
56071,51494,97
5608,26885,110
5608,5049,108
56082,10525,103
56082,8631,181
56090,23506,90
5612,33522,109
56126,31125,101
56126,32204,100
56130,9839,133
56139,29275,96
5616,57195,106
56215,34941,94
56269,42844,96
56284,37226,86
56284,60241,134
56307,62335,116
56310,33858,115
56333,29763,113
56344,64368,94
56386,33375,118
56400,12546,108
56441,35173,95
56441,65185,96
56457,2285,176
56457,48560,97
5649,22004,136
5649,55132,86
56503,27279,93
56503,62450,141
56527,44560,96
56534,47288,99
56534,57175,169
56569,21516,192
56569,36694,129
56581,41721,119
56581,59559,100
56637,57692,116
56650,24972,94
56650,32485,93
56685,43353,125
56689,24173,103
56689,62596,144
56690,51951,119
56719,12253,154
56719,16774,112
56729,7106,114
5674,25138,103
5674,30701,102
56751,35149,107
56751,52941,119
56776,13398,124
56776,48081,120
56810,10919,117
56810,3148,120
56816,43716,111
56836,37975,109
56841,17349,107
56858,49142,122
56879,12406,87
56880,10250,116
56880,19187,115
56882,19196,109
56901,15834,112
56903,32515,121
56903,8649,164
56930,49595,91
56948,5930,108
56948,7357,107
56981,13768,141
56981,55120,86
57003,15075,98
57018,27241,86
57018,3091,106
57029,65288,171
57034,51614,120
57038,2381,175
57038,32429,92
57055,37122,124
57058,10506,94
57061,52055,113
57064,27342,130
57087,47706,89
57106,33991,110
57106,38273,116
57126,14825,97
57126,23969,171
57140,41705,121
57140,7361,117
57149,27710,91
57185,20641,109
57260,25545,105
57260,4566,108
5729,18381,87
5729,65135,2
57295,42460,113
57328,17809,109
57328,46319,99
57338,19128,143
57359,33963,99
57364,55076,87
57370,19856,91
57370,49787,157
57444,14286,94
57444,15415,116
57480,12425,96
57480,29872,153
57482,46310,160
57482,49641,96
57487,59301,106
57504,40438,175
57504,60390,39
57534,3589,102
57563,26942,94
57572,26552,94
57574,498,88
57581,13664,111
57601,42698,88
57601,44151,150
57612,6072,96
57612,8006,97
57618,41391,131
57622,23367,126
57640,41053,159
57640,51958,99
57652,46888,114
57714,38563,115
57718,50256,98
57718,54454,98
5775,5791,101
5777,39802,100
57785,24700,106
57785,42139,106
57804,34957,84
57804,65179,146
5781,32361,89
57815,22538,123
57826,28273,99
57826,50937,170
57835,41245,130
57853,55234,100
57878,48890,121
57887,61745,78
57887,62604,100
57901,38797,103
57904,2617,95
57904,27816,172
57905,52010,66
57967,5910,114
57981,25886,158
57981,43565,88
57987,1839,100
57987,53808,108
57988,13285,117
57995,14291,179
57995,56385,95
58006,11364,104
58006,51009,179
58025,55810,92
58046,25413,120
58063,20675,126
58063,48370,101
58077,23935,110
58077,25835,168
58078,44980,89
58097,26899,156
58097,42798,109
581,33994,109
581,43593,96
5811,48599,108
58127,1277,111
58147,30001,98
58165,59055,95
58165,61052,162
5817,13267,97
5817,64103,171
58180,1093,143
58193,63837,85
58236,4116,121
58236,49217,120
58237,58830,126
58309,13910,108
58309,40352,183
58316,31765,109
58324,17779,111
58324,49333,115
58359,22315,92
58360,48185,159
58360,51816,102
58425,3225,95
58425,54723,99
58434,55104,158
58434,62077,92
58435,3242,93
58465,4486,86
58465,62600,86
58475,10924,115
58475,47001,114
58480,25495,112
58480,2898,112
58482,36443,170
58482,9679,102
58485,11390,86
58485,36980,156
58524,24665,104
58524,45936,161
5853,13455,82
58538,419,83
58540,6312,149
58540,924,101
58547,20858,120
58606,10118,100
58637,51602,128
58701,17426,181
58701,42835,99
58708,20697,121
58719,33008,92
58719,9632,165
58729,7818,105
58737,1416,103
58744,23307,94
58757,40095,112
5877,15514,104
5877,38989,149
58773,21632,156
58773,21919,94
58789,64711,115
5880,46910,93
58810,45230,109
58834,47353,122
58863,30306,98
58863,59748,96
58865,2852,110
58865,64243,106
58871,22068,108
58876,40060,117
58876,45621,110
58886,55020,93
58886,63799,155
58901,60656,88
58929,1061,96
58966,21767,117
5897,1646,111
5897,8233,104
58980,1849,113
590,46450,107
5900,3118,118
59001,18829,119
59001,55413,103
59076,16631,103
59107,14925,150
59107,46718,85
5914,18543,95
5914,59834,111
59153,39909,97
59194,18516,105
59208,62088,99
59214,44622,103
5923,63104,107
59261,3189,111
59262,55812,120
59270,51351,91
59270,5454,147
59273,35540,157
59273,61925,121
59276,37202,122
59299,44533,150
59299,55910,89
59302,13793,123
59302,27344,122
59315,34581,87
59315,57506,90
59427,4224,128
59429,51176,106
59442,10755,109
59445,3414,114
59445,58921,111
59456,8876,122
59478,21153,94
59525,41354,113
59528,17360,104
59537,17981,101
59537,30462,174
59544,42679,108
59548,6194,111
59635,41261,96
59635,63957,110
59664,48962,93
59687,15278,106
59704,1843,163
59704,39384,99
59725,55170,156
59725,57007,100
5973,30885,98
5973,40903,178
59737,60182,131
59744,2846,126
59749,36258,113
59772,35402,103
59784,32444,101
59791,51558,105
59811,20816,91
59817,36297,105
59817,43967,92
59856,21248,89
59856,44850,167
59889,26590,120
59889,55681,97
59900,36899,89
59938,41040,99
5996,11124,118
59982,26245,97
60007,64124,111
60009,59981,123
60014,46344,98
60014,51636,159
60021,24008,104
60029,17935,59
60029,52220,63
60058,49547,89
60082,60559,98
60115,54532,129
60151,54974,112
60153,34482,124
60159,35411,106
60178,2154,99
60193,48666,120
60193,59355,109
60196,10921,108
60196,37114,98
60258,56218,93
60309,12099,120
6032,725,99
60373,6511,106
60442,27424,165
60442,5778,101
60450,16410,174
60455,45625,73
60457,48239,113
60457,4940,165
60466,13345,93
60466,30369,165
60472,33050,104
60499,51517,122
60499,53716,123
60515,23631,165
60515,39440,107
60583,55629,194
60593,18555,91
60593,34032,119
60619,20472,126
6064,49785,138
60640,22030,98
60640,40733,99
60706,57348,110
60708,15056,107
60708,30177,107
60724,25153,94
60725,41764,97
60726,22958,103
60726,46835,189
60744,10494,79
60793,35989,172
60793,37095,99
6083,30630,102
6083,4225,119
60836,47856,114
60846,25088,93
60851,2664,103
60900,14318,149
60900,43820,104
60934,36139,96
60944,20776,95
60944,22228,100
6097,22723,84
60978,26174,41
60978,28285,115
60993,15909,110
60993,34697,108
61000,58371,108
61005,57250,106
61005,6223,107
61035,43250,124
61040,1133,146
61061,28927,91
61061,31460,113
61101,53780,106
61128,4869,92
61131,11639,114
61131,29522,153
61229,56049,107
61231,50969,129
61255,28861,115
61342,11244,76
61399,35275,100
61425,46685,93
61439,2801,114
61462,38634,109
61464,50606,84
61468,12151,123
61482,31523,105
61482,55596,111
61490,30078,98
61499,42407,124
61530,1532,112
61537,10941,106
61547,35190,121
61547,62573,107
61560,56805,97
61576,22683,103
61576,46972,104
61619,26318,88
61619,35544,98
61620,17574,106
61620,31567,156
61635,16078,98
61635,63010,101
61651,54760,99
61651,55699,101
61684,16604,115
61688,637,96
61701,63764,88
61701,64075,157
61742,24302,95
61768,18908,103
61768,57443,110
61800,33452,123
61832,2491,123
61834,47652,116
61834,51596,103
6186,26927,108
6186,34643,123
61897,64071,99
61916,8504,137
61917,35504,124
61987,59819,93
61987,8891,133
61993,10079,99
61993,46007,165
6200,4621,96
62022,34111,99
62022,46667,99
6203,11056,95
62062,46426,116
62062,56444,129
62066,15559,115
62088,18996,108
62088,50620,98
62095,24829,102
62116,34224,105
62118,57922,105
62171,2560,116
62179,7486,118
622,23661,121
62246,49439,162
62246,5650,99
62273,28355,104
62280,19718,159
62280,44723,111
62292,7443,87
6230,26133,120
62330,15862,98
62360,51136,101
62376,22122,138
6239,54652,118
62397,62307,126
62423,24407,149
62423,61016,97
62488,39891,101
62494,12166,109
62494,62130,177
62513,18339,161
62513,64012,111
62600,7899,97
62705,10711,21
62705,21679,83
62763,60302,113
62763,7397,99
62764,60829,94
62780,4977,104
62818,728,104
62820,21524,176
62820,46889,93
62822,42059,107
62826,13305,126
62826,25458,106
62845,26214,94
62845,28432,102
62847,13387,114
62847,16405,95
62918,18960,217
62961,50964,121
63012,4979,91
63063,64350,100
63069,23719,106
63078,18278,89
63113,60046,115
63139,53626,84
6317,44463,99
63177,31716,96
63177,52006,109
63193,17170,174
63193,49570,104
63226,18265,84
63226,28566,143
63272,63374,100
63279,58201,97
63306,61936,131
63316,43939,181
63316,56158,97
63319,12595,120
63325,29382,99
63325,29629,163
63338,12473,105
63384,14872,115
63399,65535,123
63443,21654,113
63443,8174,160
63449,18981,183
63449,9505,113
63457,60877,106
63472,43690,97
63501,31630,192
63501,7194,104
63550,1514,165
63550,31025,98
63551,47279,169
63551,48639,97
63561,42718,106
63561,44675,91
63572,32308,90
63572,64157,159
6358,42332,96
63601,37110,167
63601,39850,95
63603,24086,108
63603,51240,183
63620,2185,169
63620,30642,97
63649,46377,121
63662,1386,118
63665,13734,90
63665,19848,95
63673,32113,94
63673,48491,111
63783,56490,111
63783,6903,103
63795,29272,120
63795,6712,118
63811,42155,100
63833,25377,101
63833,37440,103
63875,25865,106
63877,62433,108
63882,42253,161
63882,51519,107
639,22621,105
639,24237,102
63915,54729,80
63948,17927,72
63950,62133,99
63957,35865,90
63957,7234,87
63970,34220,119
63970,60638,111
64008,1913,107
64011,30828,176
64011,57403,105
64017,64562,110
64019,28136,104
64034,21544,96
64068,429,105
64068,48401,107
64079,19556,101
64079,64817,90
64086,35513,170
64086,57145,109
64091,45277,102
64194,25349,107
64204,29705,119
64219,61778,116
64219,8855,101
6423,17893,85
64234,49870,100
64244,1435,113
64246,9721,144
64256,12102,122
64256,17225,102
64263,40690,97
64263,47672,98
64320,62278,111
64333,63807,97
64350,10666,115
64387,44293,94
64405,53805,142
64428,36622,91
64428,51094,162
64469,29323,115
64469,34841,97
6449,50975,89
6449,59328,92
64501,44668,147
64513,19118,136
64513,26642,103
64555,62218,94
64566,9961,107
64567,54970,115
64573,11417,110
64586,9741,109
64591,39266,113
64593,61671,138
64594,35515,114
64594,57169,115
64612,26232,96
64612,34142,165
64632,1157,126
64645,18099,141
64645,30264,98
64665,54029,110
64710,5948,101
64732,41875,89
64732,63467,89
64739,11618,92
64739,37538,104
64769,11211,115
64777,15172,102
64794,11919,107
648,30074,89
64814,12623,168
64814,18963,103
64823,7067,88
64835,19779,109
64845,19595,119
64845,40096,178
6485,2639,163
6485,59336,123
64851,38179,101
6488,3393,113
64881,17868,94
64881,36161,165
6493,52011,104
64932,14482,175
64932,30867,108
64969,19177,115
64969,25536,112
64982,38958,99
64982,39875,174
64983,11984,173
64983,33614,95
64987,32543,111
65005,57667,91
65031,34765,98
65066,50561,87
65083,32240,102
65089,40676,102
65089,7246,143
65118,15814,91
65118,29409,159
65126,631,82
65149,51260,98
65231,13157,104
65289,54889,158
65289,7623,92
65310,41297,164
65310,62772,117
65326,13848,93
65355,36667,120
65355,62272,169
65360,39342,175
65360,49002,102
6539,36696,106
65407,61557,172
65415,60059,112
65438,35647,103
65438,50278,100
6545,14283,98
6545,52551,172
65450,9948,114
65456,40781,95
65495,8371,125
6550,15993,95
65504,50212,166
65504,55928,86
65508,34551,82
6579,36113,105
6579,59108,159
6602,54946,109
6604,43050,89
6604,5958,100
6625,21294,158
6625,60470,85
6642,31680,95
6643,64037,117
6654,37719,114
6766,48770,111
6773,43137,166
6773,64013,98
6780,57077,107
6788,19407,103
6788,56819,175
687,1413,103
6879,21521,80
6881,60367,168
6884,16271,149
6884,5685,90
6962,45009,111
6968,39099,120
697,25035,104
6990,52057,115
6992,54860,115
6996,4968,87
7017,47043,109
7026,21576,105
7026,23209,83
7030,16572,91
7054,56461,104
706,28342,105
706,53270,152
7064,61161,115
7064,7714,106
7084,11200,83
7093,19404,83
7098,59560,125
7110,14168,97
7115,52758,115
7115,6761,176
7141,20008,99
7141,55755,123
716,27957,104
7162,16162,108
7162,63078,131
7184,44355,96
7184,54126,99
7185,12297,167
7185,4701,94
7188,22507,113
7190,45154,111
7190,60602,98
7202,59814,107
7290,29976,106
7307,46481,141
732,26337,97
732,61426,150
7346,60110,113
7358,41161,177
7358,7032,103
7369,19713,84
7369,54651,165
7393,53686,90
7393,54449,165
7411,42688,92
7429,35773,125
7434,18314,105
7435,46502,105
7437,5054,99
7476,27477,68
7476,29458,171
7482,15853,108
7482,49474,92
7493,38605,98
7513,16641,120
7530,31046,99
7530,9400,102
7574,20274,99
7603,17282,95
7611,41113,181
7611,43613,106
7642,778,103
7654,48516,134
7657,49511,91
766,49801,99
7712,30889,112
7715,45155,105
7749,65131,107
7754,35924,96
7754,56068,136
7784,46698,99
7784,891,169
7789,3757,105
7819,35514,111
7904,29853,164
7904,47704,92
7933,22515,105
7933,2859,165
7944,35443,127
796,23070,120
796,39023,122
7995,16193,70
7995,26330,172
8031,55088,105
8044,37213,102
8054,56172,97
8076,16511,158
8076,41087,100
8094,50392,102
8104,51923,101
8104,59956,159
820,11921,96
820,38809,87
821,60774,97
8218,11538,94
8218,7074,89
8263,30011,105
8314,15407,109
8325,4836,104
8325,9659,117
8327,32299,115
8389,46753,117
8395,12137,102
8411,45877,106
8420,2917,101
8420,31609,88
8424,41330,153
8424,57277,96
8464,21220,104
8464,5733,95
8499,47909,81
8502,24328,111
8506,22332,81
8506,8684,156
851,31895,98
8537,51204,111
8576,30365,140
8576,43533,109
8621,50252,109
8648,34451,99
8684,38440,95
8691,28091,99
8692,50552,122
8707,29251,111
8707,52637,163
871,25284,99
871,4255,155
8771,5829,105
8774,31318,100
8774,62868,147
878,31368,120
878,43708,87
8833,39833,109
8848,41663,97
8848,7384,94
8889,10699,103
8889,42624,192
8935,56943,99
8958,26115,96
8958,56391,98
8964,64776,112
8978,38339,132
8996,13197,179
8996,20003,98
902,15169,107
902,2180,93
904,10621,130
904,33787,114
908,5335,121
9081,63055,99
9093,24648,179
9093,42315,113
9125,52829,99
9132,17869,112
9132,27841,118
9164,10958,101
9179,42443,101
9179,8384,97
9190,44739,114
9264,13823,100
9289,36535,118
9289,49059,111
9363,39551,150
9363,59065,98
9373,60161,94
9373,61793,178
9386,3548,127
9388,44165,81
9408,1084,95
9408,36517,171
9424,44771,84
9424,63028,143
943,52123,85
943,53172,98
9446,21211,95
9446,57605,178
9485,33511,106
9485,57730,177
9493,12208,168
951,3592,149
951,57187,87
9510,42522,116
9528,1989,116
9532,30038,90
9537,1117,92
9549,20222,98
9549,36394,159
9553,19401,57
9553,36660,87
9555,10006,164
9555,57164,82
958,49125,120
96,39874,93
9611,19190,110
9620,40042,98
9632,3750,84
965,10084,174
965,43256,97
9703,39470,122
9753,18597,107
980,49378,100
980,57720,103
9801,33226,89
9801,36887,139
9808,17716,108
9813,24149,90
9835,26866,93
9835,45852,102
9860,2625,157
9951,2731,99
9960,42541,96
9961,2003,133
9961,63032,129
9980,40214,94
9980,40466,151
9983,10806,105
